productID,productName,Category,subCategory,Brand,Season,Color,Size,Gender,supplierId
1,Men Shirt 1,Men,Shirt,H&M,Summer,Green,S,Men,46
2,Women Blazer 2,Women,Blazer,H&M,Autumn,White,L,Women,38
3,Men T-Shirt 3,Men,T-Shirt,H&M,Winter,Beige,L,Men,22
4,Men Jeans 4,Men,Jeans,H&M,Spring,Black,XS,Men,25
5,Men Hoodie 5,Men,Hoodie,H&M,Spring,Grey,XS,Men,47
6,Women Dress 6,Women,Dress,H&M,Autumn,Black,XL,Women,19
7,Kids Kids Hoodie 7,Kids,Kids Hoodie,H&M,Winter,Beige,XS,Kids,3
8,Women Jeans 8,Women,Jeans,H&M,Summer,Grey,S,Women,7
9,Women Skirt 9,Women,Skirt,H&M,Spring,White,M,Women,23
10,Men Hoodie 10,Men,Hoodie,H&M,Summer,Green,S,Men,35
11,Kids Kids Jeans 11,Kids,Kids Jeans,H&M,Autumn,Red,M,Kids,41
12,Women Top 12,Women,Top,H&M,Spring,Grey,XS,Women,15
13,Kids Kids Hoodie 13,Kids,Kids Hoodie,H&M,Autumn,Blue,XS,Kids,14
14,Accessories Scarf 14,Accessories,Scarf,H&M,Winter,Beige,L,Unisex,26
15,Kids Kids Jacket 15,Kids,Kids Jacket,H&M,Winter,Blue,S,Kids,16
16,Kids Kids Hoodie 16,Kids,Kids Hoodie,H&M,Autumn,Green,L,Kids,24
17,Men Jeans 17,Men,Jeans,H&M,Autumn,Black,XS,Men,8
18,Men Jeans 18,Men,Jeans,H&M,Autumn,Green,XS,Men,25
19,Women Skirt 19,Women,Skirt,H&M,Spring,Green,XS,Women,44
20,Kids Kids Hoodie 20,Kids,Kids Hoodie,H&M,Spring,Black,M,Kids,28
21,Men T-Shirt 21,Men,T-Shirt,H&M,Spring,Green,S,Men,33
22,Accessories Scarf 22,Accessories,Scarf,H&M,Winter,White,M,Unisex,49
23,Men Shirt 23,Men,Shirt,H&M,Summer,Green,M,Men,32
24,Men Hoodie 24,Men,Hoodie,H&M,Spring,White,XS,Men,16
25,Kids Kids Tee 25,Kids,Kids Tee,H&M,Summer,Beige,L,Kids,5
26,Accessories Bag 26,Accessories,Bag,H&M,Winter,Beige,L,Unisex,36
27,Men Shirt 27,Men,Shirt,H&M,Autumn,White,XL,Men,49
28,Kids Kids Jeans 28,Kids,Kids Jeans,H&M,Spring,Red,M,Kids,29
29,Kids Kids Jacket 29,Kids,Kids Jacket,H&M,Summer,White,S,Kids,5
30,Women Blazer 30,Women,Blazer,H&M,Winter,Green,S,Women,1
31,Men T-Shirt 31,Men,T-Shirt,H&M,Winter,Black,XS,Men,22
32,Men Jeans 32,Men,Jeans,H&M,Spring,Beige,L,Men,14
33,Women Blazer 33,Women,Blazer,H&M,Autumn,White,L,Women,27
34,Men T-Shirt 34,Men,T-Shirt,H&M,Autumn,Blue,L,Men,27
35,Women Dress 35,Women,Dress,H&M,Summer,Black,L,Women,47
36,Women Dress 36,Women,Dress,H&M,Winter,White,S,Women,35
37,Women Skirt 37,Women,Skirt,H&M,Winter,Blue,L,Women,16
38,Kids Kids Tee 38,Kids,Kids Tee,H&M,Autumn,Grey,XL,Kids,7
39,Men Shirt 39,Men,Shirt,H&M,Summer,Black,S,Men,11
40,Women Skirt 40,Women,Skirt,H&M,Winter,Grey,L,Women,4
41,Men T-Shirt 41,Men,T-Shirt,H&M,Autumn,Blue,L,Men,19
42,Women Blazer 42,Women,Blazer,H&M,Autumn,White,S,Women,19
43,Men T-Shirt 43,Men,T-Shirt,H&M,Summer,Beige,M,Men,4
44,Men Jacket 44,Men,Jacket,H&M,Winter,Black,XL,Men,6
45,Kids Kids Tee 45,Kids,Kids Tee,H&M,Summer,Beige,S,Kids,26
46,Men Shirt 46,Men,Shirt,H&M,Winter,Green,XL,Men,3
47,Women Skirt 47,Women,Skirt,H&M,Spring,Blue,S,Women,43
48,Kids Kids Jeans 48,Kids,Kids Jeans,H&M,Spring,Red,S,Kids,43
49,Women Skirt 49,Women,Skirt,H&M,Spring,Grey,XS,Women,1
50,Women Blazer 50,Women,Blazer,H&M,Summer,Black,XL,Women,14
51,Women Top 51,Women,Top,H&M,Spring,Black,S,Women,24
52,Men Jacket 52,Men,Jacket,H&M,Spring,Green,XL,Men,1
53,Women Blazer 53,Women,Blazer,H&M,Spring,Beige,XS,Women,9
54,Men T-Shirt 54,Men,T-Shirt,H&M,Winter,Blue,M,Men,39
55,Men Hoodie 55,Men,Hoodie,H&M,Winter,Beige,M,Men,33
56,Women Dress 56,Women,Dress,H&M,Summer,Beige,L,Women,18
57,Men Hoodie 57,Men,Hoodie,H&M,Winter,Beige,M,Men,11
58,Kids Kids Jacket 58,Kids,Kids Jacket,H&M,Summer,Black,XS,Kids,45
59,Accessories Cap 59,Accessories,Cap,H&M,Spring,Green,XL,Unisex,10
60,Women Dress 60,Women,Dress,H&M,Spring,Blue,XS,Women,23
61,Men Jeans 61,Men,Jeans,H&M,Summer,Blue,XL,Men,27
62,Accessories Bag 62,Accessories,Bag,H&M,Winter,Grey,S,Unisex,12
63,Kids Kids Tee 63,Kids,Kids Tee,H&M,Winter,Beige,M,Kids,27
64,Kids Kids Jeans 64,Kids,Kids Jeans,H&M,Spring,White,XS,Kids,25
65,Kids Kids Jacket 65,Kids,Kids Jacket,H&M,Winter,White,L,Kids,23
66,Women Top 66,Women,Top,H&M,Winter,Black,S,Women,26
67,Women Dress 67,Women,Dress,H&M,Spring,Blue,XL,Women,26
68,Women Blazer 68,Women,Blazer,H&M,Spring,Black,XS,Women,17
69,Men Hoodie 69,Men,Hoodie,H&M,Summer,Black,XL,Men,28
70,Women Jeans 70,Women,Jeans,H&M,Autumn,Green,XL,Women,8
71,Women Blazer 71,Women,Blazer,H&M,Winter,Blue,XS,Women,46
72,Women Blazer 72,Women,Blazer,H&M,Winter,Blue,L,Women,5
73,Accessories Scarf 73,Accessories,Scarf,H&M,Spring,Beige,XS,Unisex,47
74,Accessories Scarf 74,Accessories,Scarf,H&M,Autumn,Blue,L,Unisex,45
75,Men Jeans 75,Men,Jeans,H&M,Winter,Red,L,Men,44
76,Kids Kids Jeans 76,Kids,Kids Jeans,H&M,Spring,Red,XL,Kids,1
77,Women Top 77,Women,Top,H&M,Autumn,Grey,XL,Women,39
78,Women Skirt 78,Women,Skirt,H&M,Autumn,Red,S,Women,33
79,Women Top 79,Women,Top,H&M,Summer,Blue,XL,Women,43
80,Women Jeans 80,Women,Jeans,H&M,Summer,Grey,S,Women,44
81,Women Top 81,Women,Top,H&M,Winter,Black,XS,Women,16
82,Accessories Cap 82,Accessories,Cap,H&M,Autumn,Red,XL,Unisex,13
83,Kids Kids Jacket 83,Kids,Kids Jacket,H&M,Autumn,Red,S,Kids,10
84,Women Dress 84,Women,Dress,H&M,Summer,Grey,L,Women,15
85,Men Shirt 85,Men,Shirt,H&M,Autumn,Black,XL,Men,16
86,Accessories Cap 86,Accessories,Cap,H&M,Autumn,White,L,Unisex,43
87,Women Blazer 87,Women,Blazer,H&M,Spring,Grey,L,Women,40
88,Kids Kids Jacket 88,Kids,Kids Jacket,H&M,Autumn,White,L,Kids,29
89,Men Jeans 89,Men,Jeans,H&M,Spring,Grey,XL,Men,32
90,Women Jeans 90,Women,Jeans,H&M,Autumn,Black,M,Women,16
91,Men Hoodie 91,Men,Hoodie,H&M,Summer,White,S,Men,15
92,Women Top 92,Women,Top,H&M,Winter,Black,L,Women,27
93,Women Skirt 93,Women,Skirt,H&M,Autumn,Black,S,Women,27
94,Women Blazer 94,Women,Blazer,H&M,Summer,Grey,XL,Women,25
95,Women Jeans 95,Women,Jeans,H&M,Spring,Grey,L,Women,27
96,Women Blazer 96,Women,Blazer,H&M,Winter,Red,S,Women,18
97,Women Dress 97,Women,Dress,H&M,Autumn,Blue,L,Women,47
98,Men Jacket 98,Men,Jacket,H&M,Winter,Green,XL,Men,2
99,Accessories Cap 99,Accessories,Cap,H&M,Summer,Beige,L,Unisex,9
100,Kids Kids Jeans 100,Kids,Kids Jeans,H&M,Summer,Blue,L,Kids,21
101,Men Hoodie 101,Men,Hoodie,H&M,Spring,Grey,L,Men,18
102,Kids Kids Jacket 102,Kids,Kids Jacket,H&M,Spring,Grey,XS,Kids,31
103,Men Shirt 103,Men,Shirt,H&M,Summer,Blue,S,Men,42
104,Men T-Shirt 104,Men,T-Shirt,H&M,Summer,White,S,Men,2
105,Women Top 105,Women,Top,H&M,Winter,Red,XS,Women,37
106,Accessories Belt 106,Accessories,Belt,H&M,Spring,Grey,M,Unisex,11
107,Women Dress 107,Women,Dress,H&M,Winter,Blue,XS,Women,38
108,Men Hoodie 108,Men,Hoodie,H&M,Autumn,Red,S,Men,5
109,Women Top 109,Women,Top,H&M,Summer,Beige,M,Women,44
110,Women Dress 110,Women,Dress,H&M,Summer,Blue,XL,Women,28
111,Women Dress 111,Women,Dress,H&M,Spring,Black,L,Women,32
112,Men Hoodie 112,Men,Hoodie,H&M,Autumn,Beige,S,Men,28
113,Men Shirt 113,Men,Shirt,H&M,Spring,Green,XL,Men,50
114,Women Skirt 114,Women,Skirt,H&M,Spring,Blue,S,Women,6
115,Men Jacket 115,Men,Jacket,H&M,Winter,Grey,L,Men,37
116,Women Skirt 116,Women,Skirt,H&M,Spring,Black,L,Women,21
117,Men Jeans 117,Men,Jeans,H&M,Spring,Grey,M,Men,22
118,Men Shirt 118,Men,Shirt,H&M,Spring,Green,XS,Men,34
119,Accessories Cap 119,Accessories,Cap,H&M,Winter,Beige,L,Unisex,32
120,Women Top 120,Women,Top,H&M,Autumn,Beige,L,Women,29
121,Kids Kids Tee 121,Kids,Kids Tee,H&M,Spring,White,L,Kids,45
122,Men Shirt 122,Men,Shirt,H&M,Spring,Red,XL,Men,34
123,Women Blazer 123,Women,Blazer,H&M,Spring,Blue,L,Women,18
124,Women Top 124,Women,Top,H&M,Summer,Beige,S,Women,21
125,Men Shirt 125,Men,Shirt,H&M,Winter,White,S,Men,48
126,Women Blazer 126,Women,Blazer,H&M,Spring,Black,S,Women,19
127,Men Jeans 127,Men,Jeans,H&M,Spring,Black,XL,Men,9
128,Men T-Shirt 128,Men,T-Shirt,H&M,Spring,Beige,S,Men,41
129,Kids Kids Jacket 129,Kids,Kids Jacket,H&M,Summer,Grey,XS,Kids,37
130,Men Jacket 130,Men,Jacket,H&M,Autumn,Blue,S,Men,4
131,Men Jacket 131,Men,Jacket,H&M,Summer,Grey,XS,Men,26
132,Women Blazer 132,Women,Blazer,H&M,Summer,White,S,Women,37
133,Accessories Cap 133,Accessories,Cap,H&M,Winter,Black,XL,Unisex,49
134,Women Blazer 134,Women,Blazer,H&M,Winter,Grey,XL,Women,25
135,Women Skirt 135,Women,Skirt,H&M,Spring,Grey,XL,Women,28
136,Women Blazer 136,Women,Blazer,H&M,Summer,Green,XS,Women,49
137,Men Jeans 137,Men,Jeans,H&M,Spring,Beige,XS,Men,11
138,Men Shirt 138,Men,Shirt,H&M,Summer,White,XS,Men,27
139,Women Blazer 139,Women,Blazer,H&M,Autumn,Blue,XS,Women,15
140,Men Hoodie 140,Men,Hoodie,H&M,Autumn,Black,S,Men,17
141,Kids Kids Jeans 141,Kids,Kids Jeans,H&M,Autumn,Black,XL,Kids,15
142,Women Jeans 142,Women,Jeans,H&M,Winter,Black,XS,Women,11
143,Kids Kids Hoodie 143,Kids,Kids Hoodie,H&M,Autumn,Black,L,Kids,45
144,Women Skirt 144,Women,Skirt,H&M,Spring,Green,XL,Women,32
145,Women Blazer 145,Women,Blazer,H&M,Summer,Red,M,Women,39
146,Men T-Shirt 146,Men,T-Shirt,H&M,Winter,Beige,XL,Men,38
147,Accessories Scarf 147,Accessories,Scarf,H&M,Summer,Grey,S,Unisex,31
148,Women Skirt 148,Women,Skirt,H&M,Spring,White,XL,Women,28
149,Women Skirt 149,Women,Skirt,H&M,Summer,Red,M,Women,27
150,Women Dress 150,Women,Dress,H&M,Winter,Blue,L,Women,45
151,Women Skirt 151,Women,Skirt,H&M,Summer,Red,XS,Women,21
152,Men T-Shirt 152,Men,T-Shirt,H&M,Autumn,Grey,XL,Men,1
153,Women Blazer 153,Women,Blazer,H&M,Autumn,Red,XS,Women,13
154,Women Blazer 154,Women,Blazer,H&M,Autumn,Beige,L,Women,49
155,Men Hoodie 155,Men,Hoodie,H&M,Winter,Blue,L,Men,45
156,Women Dress 156,Women,Dress,H&M,Winter,Beige,S,Women,20
157,Women Blazer 157,Women,Blazer,H&M,Autumn,Black,S,Women,8
158,Women Dress 158,Women,Dress,H&M,Winter,Red,M,Women,33
159,Kids Kids Jacket 159,Kids,Kids Jacket,H&M,Autumn,Red,S,Kids,30
160,Women Skirt 160,Women,Skirt,H&M,Winter,Green,XL,Women,48
161,Kids Kids Tee 161,Kids,Kids Tee,H&M,Spring,Grey,L,Kids,22
162,Accessories Scarf 162,Accessories,Scarf,H&M,Summer,Blue,M,Unisex,38
163,Women Skirt 163,Women,Skirt,H&M,Winter,Red,XL,Women,31
164,Women Blazer 164,Women,Blazer,H&M,Autumn,Red,M,Women,13
165,Accessories Bag 165,Accessories,Bag,H&M,Autumn,White,L,Unisex,3
166,Women Skirt 166,Women,Skirt,H&M,Autumn,Red,S,Women,32
167,Accessories Bag 167,Accessories,Bag,H&M,Spring,Grey,XS,Unisex,29
168,Men Jacket 168,Men,Jacket,H&M,Summer,Beige,S,Men,27
169,Kids Kids Jeans 169,Kids,Kids Jeans,H&M,Summer,Red,M,Kids,22
170,Women Skirt 170,Women,Skirt,H&M,Summer,Grey,M,Women,44
171,Kids Kids Jacket 171,Kids,Kids Jacket,H&M,Spring,Beige,L,Kids,35
172,Men T-Shirt 172,Men,T-Shirt,H&M,Winter,Beige,M,Men,15
173,Kids Kids Jacket 173,Kids,Kids Jacket,H&M,Summer,Grey,XS,Kids,29
174,Men Hoodie 174,Men,Hoodie,H&M,Summer,Black,M,Men,4
175,Men Hoodie 175,Men,Hoodie,H&M,Autumn,White,S,Men,34
176,Women Top 176,Women,Top,H&M,Winter,White,XS,Women,40
177,Kids Kids Jeans 177,Kids,Kids Jeans,H&M,Autumn,Green,S,Kids,15
178,Women Jeans 178,Women,Jeans,H&M,Autumn,Blue,XS,Women,30
179,Accessories Bag 179,Accessories,Bag,H&M,Summer,Red,M,Unisex,38
180,Men Jacket 180,Men,Jacket,H&M,Spring,Red,M,Men,13
181,Accessories Belt 181,Accessories,Belt,H&M,Summer,White,L,Unisex,37
182,Women Jeans 182,Women,Jeans,H&M,Spring,Black,L,Women,18
183,Men T-Shirt 183,Men,T-Shirt,H&M,Autumn,Grey,M,Men,50
184,Kids Kids Hoodie 184,Kids,Kids Hoodie,H&M,Winter,Beige,S,Kids,40
185,Men Jeans 185,Men,Jeans,H&M,Summer,Beige,XS,Men,20
186,Kids Kids Tee 186,Kids,Kids Tee,H&M,Spring,Beige,S,Kids,6
187,Accessories Scarf 187,Accessories,Scarf,H&M,Autumn,White,S,Unisex,9
188,Kids Kids Hoodie 188,Kids,Kids Hoodie,H&M,Spring,Grey,S,Kids,17
189,Accessories Belt 189,Accessories,Belt,H&M,Spring,Beige,M,Unisex,8
190,Women Dress 190,Women,Dress,H&M,Winter,Grey,S,Women,44
191,Kids Kids Jacket 191,Kids,Kids Jacket,H&M,Spring,Black,L,Kids,1
192,Men T-Shirt 192,Men,T-Shirt,H&M,Autumn,Blue,M,Men,38
193,Women Jeans 193,Women,Jeans,H&M,Summer,Beige,S,Women,31
194,Men Shirt 194,Men,Shirt,H&M,Spring,Green,S,Men,42
195,Men Jacket 195,Men,Jacket,H&M,Spring,Beige,L,Men,8
196,Men T-Shirt 196,Men,T-Shirt,H&M,Spring,Red,XS,Men,7
197,Men Shirt 197,Men,Shirt,H&M,Winter,Red,L,Men,24
198,Women Blazer 198,Women,Blazer,H&M,Autumn,Green,S,Women,27
199,Women Skirt 199,Women,Skirt,H&M,Autumn,Blue,XS,Women,45
200,Women Skirt 200,Women,Skirt,H&M,Autumn,White,M,Women,7
201,Accessories Scarf 201,Accessories,Scarf,H&M,Spring,Black,L,Unisex,18
202,Men T-Shirt 202,Men,T-Shirt,H&M,Autumn,Black,S,Men,42
203,Women Dress 203,Women,Dress,H&M,Summer,Grey,M,Women,16
204,Accessories Bag 204,Accessories,Bag,H&M,Summer,Grey,XL,Unisex,14
205,Women Top 205,Women,Top,H&M,Spring,Grey,S,Women,39
206,Men Jeans 206,Men,Jeans,H&M,Winter,Green,M,Men,12
207,Men T-Shirt 207,Men,T-Shirt,H&M,Winter,Black,M,Men,16
208,Women Dress 208,Women,Dress,H&M,Winter,Blue,XS,Women,9
209,Kids Kids Tee 209,Kids,Kids Tee,H&M,Summer,Red,L,Kids,50
210,Women Blazer 210,Women,Blazer,H&M,Summer,Red,XL,Women,15
211,Accessories Cap 211,Accessories,Cap,H&M,Spring,Red,XS,Unisex,4
212,Accessories Belt 212,Accessories,Belt,H&M,Autumn,Beige,XS,Unisex,32
213,Kids Kids Jacket 213,Kids,Kids Jacket,H&M,Summer,Black,M,Kids,39
214,Men Jeans 214,Men,Jeans,H&M,Spring,Green,XL,Men,36
215,Kids Kids Jacket 215,Kids,Kids Jacket,H&M,Spring,Red,XL,Kids,39
216,Women Dress 216,Women,Dress,H&M,Winter,Red,L,Women,15
217,Women Skirt 217,Women,Skirt,H&M,Autumn,Red,XS,Women,21
218,Women Jeans 218,Women,Jeans,H&M,Spring,White,L,Women,5
219,Men T-Shirt 219,Men,T-Shirt,H&M,Summer,Red,XS,Men,48
220,Kids Kids Jeans 220,Kids,Kids Jeans,H&M,Summer,Green,XL,Kids,36
221,Women Dress 221,Women,Dress,H&M,Autumn,Blue,L,Women,47
222,Men Hoodie 222,Men,Hoodie,H&M,Spring,Blue,XS,Men,37
223,Women Top 223,Women,Top,H&M,Autumn,White,XS,Women,23
224,Kids Kids Hoodie 224,Kids,Kids Hoodie,H&M,Summer,Grey,M,Kids,37
225,Men Jacket 225,Men,Jacket,H&M,Summer,Green,M,Men,2
226,Men Hoodie 226,Men,Hoodie,H&M,Spring,Blue,XS,Men,12
227,Kids Kids Jacket 227,Kids,Kids Jacket,H&M,Summer,White,XS,Kids,6
228,Kids Kids Jeans 228,Kids,Kids Jeans,H&M,Autumn,Red,L,Kids,22
229,Men Hoodie 229,Men,Hoodie,H&M,Spring,Grey,XL,Men,39
230,Men T-Shirt 230,Men,T-Shirt,H&M,Winter,White,XL,Men,4
231,Women Jeans 231,Women,Jeans,H&M,Autumn,Beige,L,Women,32
232,Women Skirt 232,Women,Skirt,H&M,Spring,White,XL,Women,8
233,Women Dress 233,Women,Dress,H&M,Spring,Beige,XL,Women,32
234,Women Jeans 234,Women,Jeans,H&M,Summer,White,L,Women,39
235,Men Jeans 235,Men,Jeans,H&M,Spring,White,S,Men,49
236,Men Hoodie 236,Men,Hoodie,H&M,Summer,Black,L,Men,48
237,Women Top 237,Women,Top,H&M,Autumn,Green,S,Women,33
238,Women Jeans 238,Women,Jeans,H&M,Summer,Red,XS,Women,28
239,Men T-Shirt 239,Men,T-Shirt,H&M,Spring,Green,L,Men,37
240,Women Skirt 240,Women,Skirt,H&M,Spring,Black,L,Women,2
241,Accessories Bag 241,Accessories,Bag,H&M,Autumn,Grey,M,Unisex,6
242,Women Dress 242,Women,Dress,H&M,Winter,Red,XL,Women,26
243,Women Skirt 243,Women,Skirt,H&M,Spring,Beige,M,Women,15
244,Women Top 244,Women,Top,H&M,Summer,Green,XS,Women,34
245,Women Jeans 245,Women,Jeans,H&M,Spring,Beige,S,Women,16
246,Men Hoodie 246,Men,Hoodie,H&M,Winter,White,XL,Men,10
247,Kids Kids Tee 247,Kids,Kids Tee,H&M,Winter,Grey,L,Kids,30
248,Kids Kids Jacket 248,Kids,Kids Jacket,H&M,Spring,Grey,M,Kids,10
249,Women Skirt 249,Women,Skirt,H&M,Autumn,Beige,M,Women,18
250,Women Jeans 250,Women,Jeans,H&M,Summer,Blue,L,Women,29
251,Men Hoodie 251,Men,Hoodie,H&M,Spring,Black,XS,Men,40
252,Women Skirt 252,Women,Skirt,H&M,Autumn,Green,XL,Women,48
253,Kids Kids Jacket 253,Kids,Kids Jacket,H&M,Winter,Blue,XL,Kids,31
254,Women Dress 254,Women,Dress,H&M,Autumn,Black,M,Women,46
255,Men Jeans 255,Men,Jeans,H&M,Summer,White,L,Men,29
256,Women Blazer 256,Women,Blazer,H&M,Winter,Blue,M,Women,19
257,Women Jeans 257,Women,Jeans,H&M,Summer,Grey,M,Women,5
258,Women Blazer 258,Women,Blazer,H&M,Autumn,Blue,M,Women,47
259,Kids Kids Jeans 259,Kids,Kids Jeans,H&M,Spring,Black,XL,Kids,43
260,Men Hoodie 260,Men,Hoodie,H&M,Spring,Beige,L,Men,9
261,Women Dress 261,Women,Dress,H&M,Spring,Green,L,Women,42
262,Kids Kids Jeans 262,Kids,Kids Jeans,H&M,Summer,Beige,L,Kids,33
263,Women Jeans 263,Women,Jeans,H&M,Spring,White,S,Women,22
264,Accessories Belt 264,Accessories,Belt,H&M,Winter,White,S,Unisex,10
265,Men T-Shirt 265,Men,T-Shirt,H&M,Summer,Beige,M,Men,50
266,Women Blazer 266,Women,Blazer,H&M,Autumn,White,S,Women,12
267,Kids Kids Jeans 267,Kids,Kids Jeans,H&M,Autumn,Black,L,Kids,24
268,Women Top 268,Women,Top,H&M,Autumn,Green,M,Women,49
269,Kids Kids Jacket 269,Kids,Kids Jacket,H&M,Winter,Green,S,Kids,20
270,Accessories Belt 270,Accessories,Belt,H&M,Winter,Blue,XL,Unisex,29
271,Women Jeans 271,Women,Jeans,H&M,Autumn,Green,XL,Women,27
272,Accessories Bag 272,Accessories,Bag,H&M,Winter,Grey,M,Unisex,4
273,Women Jeans 273,Women,Jeans,H&M,Summer,Beige,XL,Women,8
274,Men Jeans 274,Men,Jeans,H&M,Spring,Red,XL,Men,10
275,Kids Kids Tee 275,Kids,Kids Tee,H&M,Winter,Grey,L,Kids,23
276,Accessories Belt 276,Accessories,Belt,H&M,Summer,Red,XL,Unisex,24
277,Men T-Shirt 277,Men,T-Shirt,H&M,Spring,White,XS,Men,21
278,Accessories Scarf 278,Accessories,Scarf,H&M,Winter,White,XS,Unisex,19
279,Accessories Belt 279,Accessories,Belt,H&M,Winter,Grey,L,Unisex,29
280,Women Dress 280,Women,Dress,H&M,Summer,Blue,S,Women,10
281,Women Blazer 281,Women,Blazer,H&M,Autumn,Black,M,Women,16
282,Women Dress 282,Women,Dress,H&M,Winter,Red,XL,Women,30
283,Men Jacket 283,Men,Jacket,H&M,Summer,Beige,XL,Men,37
284,Men Jeans 284,Men,Jeans,H&M,Spring,Red,XS,Men,40
285,Women Blazer 285,Women,Blazer,H&M,Autumn,White,XS,Women,34
286,Accessories Cap 286,Accessories,Cap,H&M,Summer,Red,L,Unisex,3
287,Women Jeans 287,Women,Jeans,H&M,Spring,Beige,XS,Women,23
288,Kids Kids Hoodie 288,Kids,Kids Hoodie,H&M,Winter,Beige,XS,Kids,50
289,Women Jeans 289,Women,Jeans,H&M,Winter,Black,M,Women,35
290,Women Top 290,Women,Top,H&M,Autumn,Beige,L,Women,41
291,Men Jeans 291,Men,Jeans,H&M,Summer,Beige,L,Men,3
292,Men T-Shirt 292,Men,T-Shirt,H&M,Winter,Black,M,Men,20
293,Women Blazer 293,Women,Blazer,H&M,Autumn,Blue,XS,Women,49
294,Women Jeans 294,Women,Jeans,H&M,Spring,Grey,XS,Women,42
295,Women Dress 295,Women,Dress,H&M,Spring,Red,L,Women,48
296,Women Skirt 296,Women,Skirt,H&M,Spring,White,L,Women,45
297,Women Blazer 297,Women,Blazer,H&M,Spring,Grey,XS,Women,47
298,Women Skirt 298,Women,Skirt,H&M,Winter,Green,M,Women,21
299,Men Hoodie 299,Men,Hoodie,H&M,Spring,Blue,L,Men,39
300,Kids Kids Jeans 300,Kids,Kids Jeans,H&M,Autumn,Blue,L,Kids,3
301,Kids Kids Hoodie 301,Kids,Kids Hoodie,H&M,Autumn,Blue,XS,Kids,5
302,Women Skirt 302,Women,Skirt,H&M,Spring,Green,S,Women,2
303,Men Shirt 303,Men,Shirt,H&M,Autumn,Black,S,Men,5
304,Men Hoodie 304,Men,Hoodie,H&M,Spring,Red,XL,Men,3
305,Women Skirt 305,Women,Skirt,H&M,Spring,Blue,L,Women,49
306,Men Jeans 306,Men,Jeans,H&M,Spring,Red,M,Men,42
307,Men T-Shirt 307,Men,T-Shirt,H&M,Summer,Beige,S,Men,32
308,Women Blazer 308,Women,Blazer,H&M,Summer,Blue,M,Women,46
309,Women Blazer 309,Women,Blazer,H&M,Spring,Beige,L,Women,13
310,Men T-Shirt 310,Men,T-Shirt,H&M,Autumn,White,L,Men,6
311,Kids Kids Hoodie 311,Kids,Kids Hoodie,H&M,Spring,Beige,XS,Kids,36
312,Women Jeans 312,Women,Jeans,H&M,Winter,Beige,S,Women,24
313,Women Dress 313,Women,Dress,H&M,Winter,Grey,S,Women,16
314,Kids Kids Tee 314,Kids,Kids Tee,H&M,Spring,Green,XL,Kids,24
315,Women Blazer 315,Women,Blazer,H&M,Winter,Green,XS,Women,5
316,Women Skirt 316,Women,Skirt,H&M,Autumn,Grey,L,Women,37
317,Men Hoodie 317,Men,Hoodie,H&M,Summer,Red,L,Men,44
318,Women Top 318,Women,Top,H&M,Winter,Grey,S,Women,28
319,Women Dress 319,Women,Dress,H&M,Summer,Green,S,Women,20
320,Men Hoodie 320,Men,Hoodie,H&M,Winter,Blue,XL,Men,19
321,Kids Kids Hoodie 321,Kids,Kids Hoodie,H&M,Winter,Beige,XL,Kids,18
322,Men Hoodie 322,Men,Hoodie,H&M,Summer,Green,S,Men,38
323,Accessories Bag 323,Accessories,Bag,H&M,Winter,Beige,XL,Unisex,47
324,Accessories Scarf 324,Accessories,Scarf,H&M,Summer,Grey,XS,Unisex,6
325,Men Shirt 325,Men,Shirt,H&M,Spring,Beige,S,Men,50
326,Women Blazer 326,Women,Blazer,H&M,Summer,Red,XL,Women,19
327,Women Jeans 327,Women,Jeans,H&M,Autumn,White,L,Women,20
328,Women Dress 328,Women,Dress,H&M,Winter,Red,L,Women,31
329,Women Jeans 329,Women,Jeans,H&M,Winter,Blue,M,Women,47
330,Accessories Scarf 330,Accessories,Scarf,H&M,Autumn,White,M,Unisex,33
331,Women Jeans 331,Women,Jeans,H&M,Winter,Red,XS,Women,18
332,Women Top 332,Women,Top,H&M,Summer,Black,M,Women,25
333,Kids Kids Jacket 333,Kids,Kids Jacket,H&M,Winter,Grey,S,Kids,21
334,Accessories Scarf 334,Accessories,Scarf,H&M,Winter,Grey,S,Unisex,32
335,Accessories Belt 335,Accessories,Belt,H&M,Autumn,Blue,L,Unisex,2
336,Men Jacket 336,Men,Jacket,H&M,Autumn,White,S,Men,38
337,Women Dress 337,Women,Dress,H&M,Spring,Red,XL,Women,42
338,Women Jeans 338,Women,Jeans,H&M,Summer,Grey,XS,Women,28
339,Men Hoodie 339,Men,Hoodie,H&M,Spring,Grey,L,Men,24
340,Men T-Shirt 340,Men,T-Shirt,H&M,Winter,Blue,XL,Men,19
341,Men Shirt 341,Men,Shirt,H&M,Autumn,Grey,XL,Men,18
342,Kids Kids Tee 342,Kids,Kids Tee,H&M,Winter,Black,L,Kids,24
343,Kids Kids Hoodie 343,Kids,Kids Hoodie,H&M,Spring,Grey,S,Kids,13
344,Women Skirt 344,Women,Skirt,H&M,Summer,Black,XS,Women,9
345,Kids Kids Jacket 345,Kids,Kids Jacket,H&M,Autumn,White,XL,Kids,33
346,Men Shirt 346,Men,Shirt,H&M,Spring,White,L,Men,40
347,Kids Kids Hoodie 347,Kids,Kids Hoodie,H&M,Spring,Green,XL,Kids,35
348,Women Blazer 348,Women,Blazer,H&M,Spring,Red,XS,Women,24
349,Women Dress 349,Women,Dress,H&M,Autumn,Green,M,Women,47
350,Kids Kids Tee 350,Kids,Kids Tee,H&M,Autumn,Blue,XL,Kids,37
351,Men T-Shirt 351,Men,T-Shirt,H&M,Autumn,White,XL,Men,41
352,Kids Kids Jacket 352,Kids,Kids Jacket,H&M,Winter,Grey,S,Kids,3
353,Women Dress 353,Women,Dress,H&M,Winter,Black,L,Women,21
354,Women Skirt 354,Women,Skirt,H&M,Winter,Red,XL,Women,50
355,Women Skirt 355,Women,Skirt,H&M,Summer,Beige,S,Women,34
356,Men Hoodie 356,Men,Hoodie,H&M,Autumn,Green,L,Men,21
357,Accessories Belt 357,Accessories,Belt,H&M,Spring,Green,M,Unisex,44
358,Kids Kids Hoodie 358,Kids,Kids Hoodie,H&M,Autumn,White,S,Kids,18
359,Women Top 359,Women,Top,H&M,Spring,Grey,M,Women,46
360,Men Jacket 360,Men,Jacket,H&M,Spring,Red,M,Men,36
361,Accessories Scarf 361,Accessories,Scarf,H&M,Spring,Black,XL,Unisex,44
362,Women Skirt 362,Women,Skirt,H&M,Spring,Grey,S,Women,19
363,Men T-Shirt 363,Men,T-Shirt,H&M,Spring,Red,M,Men,48
364,Women Top 364,Women,Top,H&M,Spring,Green,M,Women,9
365,Men Shirt 365,Men,Shirt,H&M,Winter,White,XS,Men,43
366,Accessories Bag 366,Accessories,Bag,H&M,Winter,Black,XS,Unisex,27
367,Women Skirt 367,Women,Skirt,H&M,Summer,Beige,S,Women,1
368,Accessories Bag 368,Accessories,Bag,H&M,Autumn,Beige,L,Unisex,31
369,Women Jeans 369,Women,Jeans,H&M,Spring,Blue,XS,Women,50
370,Men Shirt 370,Men,Shirt,H&M,Winter,Green,XS,Men,12
371,Women Top 371,Women,Top,H&M,Summer,Grey,L,Women,32
372,Men Hoodie 372,Men,Hoodie,H&M,Summer,Black,M,Men,37
373,Women Jeans 373,Women,Jeans,H&M,Spring,Red,XL,Women,34
374,Women Top 374,Women,Top,H&M,Autumn,Blue,S,Women,8
375,Women Skirt 375,Women,Skirt,H&M,Spring,Beige,S,Women,1
376,Kids Kids Hoodie 376,Kids,Kids Hoodie,H&M,Winter,White,XL,Kids,41
377,Kids Kids Jacket 377,Kids,Kids Jacket,H&M,Spring,Black,L,Kids,43
378,Men Jeans 378,Men,Jeans,H&M,Autumn,Blue,S,Men,1
379,Men Jeans 379,Men,Jeans,H&M,Autumn,Grey,M,Men,22
380,Women Blazer 380,Women,Blazer,H&M,Summer,Blue,M,Women,45
381,Men T-Shirt 381,Men,T-Shirt,H&M,Autumn,Blue,S,Men,26
382,Women Jeans 382,Women,Jeans,H&M,Summer,Beige,M,Women,24
383,Women Top 383,Women,Top,H&M,Winter,Red,S,Women,30
384,Kids Kids Hoodie 384,Kids,Kids Hoodie,H&M,Autumn,Beige,XL,Kids,31
385,Kids Kids Jeans 385,Kids,Kids Jeans,H&M,Winter,Beige,XL,Kids,6
386,Women Blazer 386,Women,Blazer,H&M,Spring,Black,XL,Women,8
387,Men Shirt 387,Men,Shirt,H&M,Winter,Green,XL,Men,10
388,Men Shirt 388,Men,Shirt,H&M,Autumn,Black,S,Men,46
389,Women Dress 389,Women,Dress,H&M,Autumn,Grey,XS,Women,30
390,Men Jacket 390,Men,Jacket,H&M,Autumn,Green,XS,Men,36
391,Women Jeans 391,Women,Jeans,H&M,Summer,Red,M,Women,1
392,Kids Kids Tee 392,Kids,Kids Tee,H&M,Summer,Red,M,Kids,45
393,Men T-Shirt 393,Men,T-Shirt,H&M,Summer,Red,XS,Men,19
394,Women Top 394,Women,Top,H&M,Autumn,Blue,L,Women,29
395,Kids Kids Jacket 395,Kids,Kids Jacket,H&M,Autumn,Black,XL,Kids,9
396,Women Jeans 396,Women,Jeans,H&M,Summer,White,XL,Women,26
397,Women Top 397,Women,Top,H&M,Summer,Grey,XS,Women,20
398,Women Blazer 398,Women,Blazer,H&M,Autumn,Green,L,Women,15
399,Men Hoodie 399,Men,Hoodie,H&M,Winter,Blue,S,Men,47
400,Kids Kids Tee 400,Kids,Kids Tee,H&M,Autumn,Green,XS,Kids,16
401,Men T-Shirt 401,Men,T-Shirt,H&M,Summer,Red,XL,Men,44
402,Kids Kids Tee 402,Kids,Kids Tee,H&M,Winter,Beige,XS,Kids,26
403,Women Blazer 403,Women,Blazer,H&M,Winter,Grey,XS,Women,9
404,Women Jeans 404,Women,Jeans,H&M,Winter,Grey,XL,Women,21
405,Women Jeans 405,Women,Jeans,H&M,Winter,Blue,S,Women,43
406,Women Skirt 406,Women,Skirt,H&M,Spring,Blue,XS,Women,36
407,Accessories Bag 407,Accessories,Bag,H&M,Autumn,Green,L,Unisex,4
408,Accessories Belt 408,Accessories,Belt,H&M,Spring,Beige,L,Unisex,27
409,Men Jacket 409,Men,Jacket,H&M,Winter,Grey,XL,Men,31
410,Men Jeans 410,Men,Jeans,H&M,Spring,Grey,S,Men,30
411,Accessories Belt 411,Accessories,Belt,H&M,Autumn,Green,XL,Unisex,9
412,Women Jeans 412,Women,Jeans,H&M,Winter,Blue,XS,Women,29
413,Kids Kids Tee 413,Kids,Kids Tee,H&M,Winter,Black,M,Kids,25
414,Women Blazer 414,Women,Blazer,H&M,Summer,Grey,XS,Women,13
415,Kids Kids Jeans 415,Kids,Kids Jeans,H&M,Autumn,White,M,Kids,20
416,Accessories Cap 416,Accessories,Cap,H&M,Winter,White,XS,Unisex,48
417,Accessories Belt 417,Accessories,Belt,H&M,Winter,Beige,XL,Unisex,46
418,Men Jeans 418,Men,Jeans,H&M,Spring,Grey,M,Men,25
419,Women Jeans 419,Women,Jeans,H&M,Spring,Blue,M,Women,33
420,Kids Kids Jacket 420,Kids,Kids Jacket,H&M,Summer,Grey,L,Kids,49
421,Kids Kids Jeans 421,Kids,Kids Jeans,H&M,Spring,Blue,L,Kids,3
422,Women Top 422,Women,Top,H&M,Winter,Black,M,Women,36
423,Accessories Belt 423,Accessories,Belt,H&M,Spring,White,S,Unisex,22
424,Men Shirt 424,Men,Shirt,H&M,Winter,Red,XL,Men,42
425,Accessories Scarf 425,Accessories,Scarf,H&M,Spring,Grey,L,Unisex,47
426,Women Skirt 426,Women,Skirt,H&M,Autumn,White,M,Women,11
427,Men Shirt 427,Men,Shirt,H&M,Autumn,White,XL,Men,42
428,Accessories Cap 428,Accessories,Cap,H&M,Summer,Grey,XS,Unisex,49
429,Men Jeans 429,Men,Jeans,H&M,Winter,Black,S,Men,1
430,Men Jacket 430,Men,Jacket,H&M,Spring,Black,XL,Men,41
431,Women Blazer 431,Women,Blazer,H&M,Autumn,Beige,L,Women,2
432,Men Shirt 432,Men,Shirt,H&M,Autumn,Black,XS,Men,34
433,Kids Kids Hoodie 433,Kids,Kids Hoodie,H&M,Summer,Green,L,Kids,12
434,Men T-Shirt 434,Men,T-Shirt,H&M,Winter,White,S,Men,40
435,Women Jeans 435,Women,Jeans,H&M,Spring,Grey,L,Women,6
436,Women Skirt 436,Women,Skirt,H&M,Autumn,Green,S,Women,45
437,Men T-Shirt 437,Men,T-Shirt,H&M,Summer,Black,L,Men,25
438,Women Skirt 438,Women,Skirt,H&M,Summer,Beige,XS,Women,45
439,Men Jacket 439,Men,Jacket,H&M,Autumn,Beige,M,Men,37
440,Accessories Cap 440,Accessories,Cap,H&M,Summer,White,S,Unisex,45
441,Kids Kids Jacket 441,Kids,Kids Jacket,H&M,Spring,Black,XS,Kids,44
442,Accessories Cap 442,Accessories,Cap,H&M,Winter,Grey,M,Unisex,2
443,Accessories Bag 443,Accessories,Bag,H&M,Autumn,Black,M,Unisex,11
444,Women Blazer 444,Women,Blazer,H&M,Autumn,Beige,XL,Women,22
445,Women Top 445,Women,Top,H&M,Summer,Green,M,Women,4
446,Men Jeans 446,Men,Jeans,H&M,Summer,Blue,XL,Men,50
447,Women Blazer 447,Women,Blazer,H&M,Autumn,Grey,M,Women,2
448,Women Skirt 448,Women,Skirt,H&M,Autumn,White,M,Women,36
449,Accessories Belt 449,Accessories,Belt,H&M,Winter,Beige,XL,Unisex,43
450,Women Blazer 450,Women,Blazer,H&M,Spring,Grey,S,Women,46
451,Men Hoodie 451,Men,Hoodie,H&M,Winter,Red,S,Men,48
452,Women Jeans 452,Women,Jeans,H&M,Summer,Black,XS,Women,20
453,Women Jeans 453,Women,Jeans,H&M,Summer,White,XS,Women,12
454,Women Blazer 454,Women,Blazer,H&M,Autumn,Black,XS,Women,6
455,Women Dress 455,Women,Dress,H&M,Spring,Grey,L,Women,1
456,Men Jacket 456,Men,Jacket,H&M,Summer,Beige,XL,Men,16
457,Women Top 457,Women,Top,H&M,Autumn,White,S,Women,18
458,Women Skirt 458,Women,Skirt,H&M,Winter,Black,S,Women,28
459,Men Hoodie 459,Men,Hoodie,H&M,Autumn,Grey,XS,Men,24
460,Men Jeans 460,Men,Jeans,H&M,Autumn,Green,XL,Men,13
461,Women Top 461,Women,Top,H&M,Spring,Black,L,Women,22
462,Kids Kids Jacket 462,Kids,Kids Jacket,H&M,Spring,Red,M,Kids,28
463,Kids Kids Jeans 463,Kids,Kids Jeans,H&M,Spring,Blue,XL,Kids,45
464,Men Hoodie 464,Men,Hoodie,H&M,Winter,Red,M,Men,19
465,Kids Kids Jacket 465,Kids,Kids Jacket,H&M,Winter,Blue,L,Kids,18
466,Kids Kids Jacket 466,Kids,Kids Jacket,H&M,Spring,Black,XL,Kids,13
467,Women Blazer 467,Women,Blazer,H&M,Winter,Beige,XL,Women,2
468,Accessories Belt 468,Accessories,Belt,H&M,Winter,Red,M,Unisex,45
469,Men Jacket 469,Men,Jacket,H&M,Autumn,White,M,Men,16
470,Men Jeans 470,Men,Jeans,H&M,Autumn,Grey,L,Men,5
471,Women Blazer 471,Women,Blazer,H&M,Autumn,Green,L,Women,35
472,Women Skirt 472,Women,Skirt,H&M,Summer,Grey,M,Women,45
473,Kids Kids Tee 473,Kids,Kids Tee,H&M,Summer,Grey,S,Kids,43
474,Women Top 474,Women,Top,H&M,Summer,Green,L,Women,49
475,Women Skirt 475,Women,Skirt,H&M,Summer,Black,XS,Women,17
476,Men Shirt 476,Men,Shirt,H&M,Winter,Red,M,Men,26
477,Women Blazer 477,Women,Blazer,H&M,Winter,Blue,XS,Women,31
478,Men Jacket 478,Men,Jacket,H&M,Summer,Black,S,Men,23
479,Women Skirt 479,Women,Skirt,H&M,Winter,Green,L,Women,23
480,Women Skirt 480,Women,Skirt,H&M,Autumn,Blue,XS,Women,20
481,Men T-Shirt 481,Men,T-Shirt,H&M,Summer,Grey,M,Men,42
482,Men Jeans 482,Men,Jeans,H&M,Winter,Green,S,Men,36
483,Men Shirt 483,Men,Shirt,H&M,Autumn,Red,S,Men,26
484,Women Top 484,Women,Top,H&M,Autumn,Red,XS,Women,48
485,Women Top 485,Women,Top,H&M,Autumn,Green,L,Women,25
486,Men Jeans 486,Men,Jeans,H&M,Winter,Blue,XS,Men,37
487,Men Shirt 487,Men,Shirt,H&M,Winter,Blue,M,Men,13
488,Women Jeans 488,Women,Jeans,H&M,Autumn,Green,M,Women,39
489,Women Skirt 489,Women,Skirt,H&M,Summer,Blue,M,Women,30
490,Women Jeans 490,Women,Jeans,H&M,Summer,Beige,S,Women,21
491,Men Hoodie 491,Men,Hoodie,H&M,Summer,White,M,Men,45
492,Men Jacket 492,Men,Jacket,H&M,Autumn,Green,S,Men,37
493,Women Top 493,Women,Top,H&M,Autumn,Beige,XL,Women,45
494,Accessories Bag 494,Accessories,Bag,H&M,Winter,Red,M,Unisex,9
495,Men Jacket 495,Men,Jacket,H&M,Summer,Grey,M,Men,1
496,Women Top 496,Women,Top,H&M,Autumn,Green,XL,Women,42
497,Women Skirt 497,Women,Skirt,H&M,Autumn,Beige,L,Women,32
498,Men Shirt 498,Men,Shirt,H&M,Summer,Grey,S,Men,19
499,Men Jeans 499,Men,Jeans,H&M,Spring,White,L,Men,37
500,Kids Kids Jacket 500,Kids,Kids Jacket,H&M,Summer,Green,XS,Kids,18
501,Kids Kids Hoodie 501,Kids,Kids Hoodie,H&M,Summer,Grey,L,Kids,35
502,Men Jacket 502,Men,Jacket,H&M,Summer,Beige,S,Men,20
503,Kids Kids Tee 503,Kids,Kids Tee,H&M,Autumn,Blue,M,Kids,6
504,Women Dress 504,Women,Dress,H&M,Winter,White,XL,Women,45
505,Women Blazer 505,Women,Blazer,H&M,Autumn,White,XL,Women,9
506,Kids Kids Jeans 506,Kids,Kids Jeans,H&M,Summer,Green,M,Kids,35
507,Men Shirt 507,Men,Shirt,H&M,Winter,Blue,M,Men,19
508,Women Blazer 508,Women,Blazer,H&M,Summer,White,L,Women,4
509,Accessories Bag 509,Accessories,Bag,H&M,Winter,White,S,Unisex,46
510,Women Top 510,Women,Top,H&M,Autumn,Red,S,Women,37
511,Women Skirt 511,Women,Skirt,H&M,Autumn,Red,XS,Women,41
512,Kids Kids Tee 512,Kids,Kids Tee,H&M,Autumn,Green,M,Kids,45
513,Accessories Scarf 513,Accessories,Scarf,H&M,Autumn,Red,M,Unisex,38
514,Men T-Shirt 514,Men,T-Shirt,H&M,Autumn,Beige,M,Men,5
515,Kids Kids Jacket 515,Kids,Kids Jacket,H&M,Winter,Red,S,Kids,32
516,Men Hoodie 516,Men,Hoodie,H&M,Spring,Green,XL,Men,9
517,Women Skirt 517,Women,Skirt,H&M,Spring,Beige,XS,Women,3
518,Men Jacket 518,Men,Jacket,H&M,Summer,Black,S,Men,29
519,Women Skirt 519,Women,Skirt,H&M,Winter,Beige,S,Women,42
520,Women Jeans 520,Women,Jeans,H&M,Summer,Beige,M,Women,17
521,Men Jeans 521,Men,Jeans,H&M,Summer,Red,M,Men,47
522,Women Top 522,Women,Top,H&M,Autumn,Beige,XS,Women,46
523,Men Jeans 523,Men,Jeans,H&M,Autumn,Black,S,Men,38
524,Men Jacket 524,Men,Jacket,H&M,Summer,Black,M,Men,8
525,Accessories Belt 525,Accessories,Belt,H&M,Winter,Red,XS,Unisex,15
526,Women Dress 526,Women,Dress,H&M,Summer,Blue,M,Women,20
527,Men Jeans 527,Men,Jeans,H&M,Winter,Black,XL,Men,37
528,Men Jeans 528,Men,Jeans,H&M,Autumn,Blue,S,Men,41
529,Kids Kids Jacket 529,Kids,Kids Jacket,H&M,Autumn,Grey,S,Kids,6
530,Kids Kids Jeans 530,Kids,Kids Jeans,H&M,Summer,Green,L,Kids,23
531,Accessories Scarf 531,Accessories,Scarf,H&M,Winter,White,M,Unisex,42
532,Men Shirt 532,Men,Shirt,H&M,Spring,Grey,XS,Men,43
533,Kids Kids Jeans 533,Kids,Kids Jeans,H&M,Winter,Beige,L,Kids,19
534,Women Top 534,Women,Top,H&M,Autumn,Red,XS,Women,16
535,Women Blazer 535,Women,Blazer,H&M,Summer,Green,XS,Women,24
536,Accessories Bag 536,Accessories,Bag,H&M,Autumn,Grey,XL,Unisex,27
537,Women Top 537,Women,Top,H&M,Autumn,Grey,XS,Women,2
538,Women Dress 538,Women,Dress,H&M,Spring,White,XS,Women,4
539,Accessories Belt 539,Accessories,Belt,H&M,Spring,Beige,XL,Unisex,50
540,Women Skirt 540,Women,Skirt,H&M,Summer,Beige,XL,Women,35
541,Women Jeans 541,Women,Jeans,H&M,Summer,Blue,XS,Women,33
542,Accessories Bag 542,Accessories,Bag,H&M,Spring,Red,XL,Unisex,41
543,Kids Kids Tee 543,Kids,Kids Tee,H&M,Spring,Beige,L,Kids,47
544,Accessories Bag 544,Accessories,Bag,H&M,Summer,White,XS,Unisex,28
545,Men Shirt 545,Men,Shirt,H&M,Summer,Blue,S,Men,8
546,Men Jeans 546,Men,Jeans,H&M,Summer,White,L,Men,23
547,Women Jeans 547,Women,Jeans,H&M,Winter,Blue,S,Women,48
548,Kids Kids Hoodie 548,Kids,Kids Hoodie,H&M,Summer,Grey,XS,Kids,22
549,Kids Kids Hoodie 549,Kids,Kids Hoodie,H&M,Summer,Blue,XL,Kids,41
550,Men Jacket 550,Men,Jacket,H&M,Spring,Black,L,Men,37
551,Men Jeans 551,Men,Jeans,H&M,Spring,Grey,XS,Men,37
552,Women Dress 552,Women,Dress,H&M,Winter,Beige,XL,Women,1
553,Men T-Shirt 553,Men,T-Shirt,H&M,Winter,Black,L,Men,24
554,Women Top 554,Women,Top,H&M,Winter,Grey,XS,Women,36
555,Kids Kids Jacket 555,Kids,Kids Jacket,H&M,Winter,Blue,S,Kids,27
556,Accessories Scarf 556,Accessories,Scarf,H&M,Spring,Grey,XS,Unisex,37
557,Women Blazer 557,Women,Blazer,H&M,Summer,White,S,Women,34
558,Accessories Belt 558,Accessories,Belt,H&M,Summer,Red,M,Unisex,50
559,Kids Kids Hoodie 559,Kids,Kids Hoodie,H&M,Summer,Green,L,Kids,1
560,Women Jeans 560,Women,Jeans,H&M,Spring,Beige,XL,Women,16
561,Women Blazer 561,Women,Blazer,H&M,Autumn,Grey,S,Women,47
562,Accessories Bag 562,Accessories,Bag,H&M,Winter,Black,L,Unisex,2
563,Men Hoodie 563,Men,Hoodie,H&M,Summer,Blue,XS,Men,49
564,Women Jeans 564,Women,Jeans,H&M,Summer,White,XL,Women,16
565,Women Dress 565,Women,Dress,H&M,Winter,Beige,M,Women,6
566,Men Jeans 566,Men,Jeans,H&M,Autumn,Beige,M,Men,30
567,Accessories Cap 567,Accessories,Cap,H&M,Summer,Green,S,Unisex,41
568,Kids Kids Tee 568,Kids,Kids Tee,H&M,Summer,Red,S,Kids,16
569,Men Hoodie 569,Men,Hoodie,H&M,Autumn,Beige,M,Men,21
570,Women Top 570,Women,Top,H&M,Summer,White,S,Women,50
571,Kids Kids Tee 571,Kids,Kids Tee,H&M,Winter,Black,S,Kids,29
572,Women Skirt 572,Women,Skirt,H&M,Summer,Green,M,Women,50
573,Men Hoodie 573,Men,Hoodie,H&M,Autumn,Blue,XS,Men,6
574,Men Hoodie 574,Men,Hoodie,H&M,Summer,White,M,Men,10
575,Men Jeans 575,Men,Jeans,H&M,Spring,Red,XL,Men,4
576,Women Jeans 576,Women,Jeans,H&M,Winter,Black,L,Women,29
577,Women Blazer 577,Women,Blazer,H&M,Winter,Black,L,Women,7
578,Kids Kids Jeans 578,Kids,Kids Jeans,H&M,Summer,Black,XS,Kids,50
579,Accessories Bag 579,Accessories,Bag,H&M,Winter,Grey,L,Unisex,24
580,Women Dress 580,Women,Dress,H&M,Spring,Grey,XS,Women,2
581,Accessories Bag 581,Accessories,Bag,H&M,Autumn,Grey,S,Unisex,6
582,Accessories Scarf 582,Accessories,Scarf,H&M,Summer,Black,L,Unisex,4
583,Men Shirt 583,Men,Shirt,H&M,Autumn,Grey,L,Men,32
584,Men Jacket 584,Men,Jacket,H&M,Winter,Blue,S,Men,12
585,Men Jacket 585,Men,Jacket,H&M,Winter,Black,XL,Men,40
586,Women Jeans 586,Women,Jeans,H&M,Autumn,Red,XL,Women,31
587,Men Hoodie 587,Men,Hoodie,H&M,Autumn,White,L,Men,13
588,Women Blazer 588,Women,Blazer,H&M,Winter,Beige,XL,Women,2
589,Accessories Scarf 589,Accessories,Scarf,H&M,Autumn,Green,L,Unisex,23
590,Accessories Scarf 590,Accessories,Scarf,H&M,Autumn,Blue,S,Unisex,2
591,Women Top 591,Women,Top,H&M,Summer,Grey,M,Women,4
592,Kids Kids Jacket 592,Kids,Kids Jacket,H&M,Spring,Grey,XL,Kids,15
593,Accessories Cap 593,Accessories,Cap,H&M,Winter,Beige,S,Unisex,18
594,Women Dress 594,Women,Dress,H&M,Winter,Green,L,Women,23
595,Accessories Bag 595,Accessories,Bag,H&M,Winter,White,XL,Unisex,21
596,Kids Kids Hoodie 596,Kids,Kids Hoodie,H&M,Summer,Beige,M,Kids,37
597,Women Blazer 597,Women,Blazer,H&M,Winter,Grey,L,Women,35
598,Women Skirt 598,Women,Skirt,H&M,Summer,Black,XS,Women,15
599,Women Dress 599,Women,Dress,H&M,Autumn,Black,M,Women,40
600,Men Jeans 600,Men,Jeans,H&M,Spring,Beige,S,Men,21
601,Men Jeans 601,Men,Jeans,H&M,Winter,Grey,XS,Men,34
602,Kids Kids Tee 602,Kids,Kids Tee,H&M,Spring,Beige,L,Kids,38
603,Men Hoodie 603,Men,Hoodie,H&M,Spring,White,S,Men,47
604,Accessories Belt 604,Accessories,Belt,H&M,Spring,White,XL,Unisex,45
605,Kids Kids Hoodie 605,Kids,Kids Hoodie,H&M,Winter,Beige,XL,Kids,12
606,Women Jeans 606,Women,Jeans,H&M,Winter,White,XS,Women,45
607,Accessories Belt 607,Accessories,Belt,H&M,Summer,White,XL,Unisex,21
608,Accessories Bag 608,Accessories,Bag,H&M,Summer,Red,S,Unisex,22
609,Kids Kids Jeans 609,Kids,Kids Jeans,H&M,Spring,Blue,S,Kids,41
610,Kids Kids Tee 610,Kids,Kids Tee,H&M,Spring,Red,XS,Kids,17
611,Men T-Shirt 611,Men,T-Shirt,H&M,Spring,Blue,XS,Men,47
612,Men Jacket 612,Men,Jacket,H&M,Autumn,Beige,L,Men,11
613,Kids Kids Jacket 613,Kids,Kids Jacket,H&M,Autumn,Blue,XL,Kids,25
614,Men Jacket 614,Men,Jacket,H&M,Winter,White,L,Men,5
615,Kids Kids Tee 615,Kids,Kids Tee,H&M,Spring,Black,M,Kids,17
616,Accessories Cap 616,Accessories,Cap,H&M,Spring,White,L,Unisex,11
617,Kids Kids Tee 617,Kids,Kids Tee,H&M,Spring,Green,XL,Kids,31
618,Kids Kids Jacket 618,Kids,Kids Jacket,H&M,Winter,Green,L,Kids,11
619,Men Hoodie 619,Men,Hoodie,H&M,Winter,White,L,Men,45
620,Women Blazer 620,Women,Blazer,H&M,Spring,Beige,M,Women,20
621,Men T-Shirt 621,Men,T-Shirt,H&M,Autumn,Green,XL,Men,32
622,Men Hoodie 622,Men,Hoodie,H&M,Summer,Red,XS,Men,19
623,Kids Kids Jacket 623,Kids,Kids Jacket,H&M,Winter,Black,XS,Kids,14
624,Men Hoodie 624,Men,Hoodie,H&M,Summer,Red,XS,Men,20
625,Kids Kids Jacket 625,Kids,Kids Jacket,H&M,Autumn,Beige,M,Kids,6
626,Women Skirt 626,Women,Skirt,H&M,Winter,Blue,L,Women,24
627,Men T-Shirt 627,Men,T-Shirt,H&M,Spring,Red,L,Men,17
628,Men Hoodie 628,Men,Hoodie,H&M,Summer,White,XS,Men,6
629,Women Blazer 629,Women,Blazer,H&M,Autumn,Grey,XL,Women,15
630,Women Skirt 630,Women,Skirt,H&M,Autumn,Green,L,Women,37
631,Kids Kids Jacket 631,Kids,Kids Jacket,H&M,Spring,Black,L,Kids,46
632,Men Shirt 632,Men,Shirt,H&M,Winter,Black,L,Men,12
633,Accessories Bag 633,Accessories,Bag,H&M,Winter,Grey,S,Unisex,9
634,Men T-Shirt 634,Men,T-Shirt,H&M,Autumn,White,S,Men,39
635,Men T-Shirt 635,Men,T-Shirt,H&M,Summer,Red,XL,Men,26
636,Women Jeans 636,Women,Jeans,H&M,Autumn,Grey,XS,Women,45
637,Women Blazer 637,Women,Blazer,H&M,Autumn,Black,L,Women,10
638,Men Shirt 638,Men,Shirt,H&M,Summer,Black,XL,Men,50
639,Men Hoodie 639,Men,Hoodie,H&M,Spring,Red,M,Men,25
640,Women Blazer 640,Women,Blazer,H&M,Autumn,Black,S,Women,18
641,Women Blazer 641,Women,Blazer,H&M,Autumn,Black,L,Women,22
642,Women Dress 642,Women,Dress,H&M,Autumn,Blue,M,Women,2
643,Women Jeans 643,Women,Jeans,H&M,Spring,Blue,L,Women,45
644,Women Top 644,Women,Top,H&M,Winter,Blue,L,Women,50
645,Kids Kids Hoodie 645,Kids,Kids Hoodie,H&M,Autumn,Green,XS,Kids,13
646,Women Skirt 646,Women,Skirt,H&M,Autumn,Grey,XL,Women,24
647,Kids Kids Jeans 647,Kids,Kids Jeans,H&M,Summer,Blue,XL,Kids,26
648,Men Shirt 648,Men,Shirt,H&M,Summer,White,S,Men,13
649,Kids Kids Jeans 649,Kids,Kids Jeans,H&M,Summer,Red,XS,Kids,24
650,Kids Kids Hoodie 650,Kids,Kids Hoodie,H&M,Spring,Grey,L,Kids,33
651,Women Dress 651,Women,Dress,H&M,Summer,White,M,Women,32
652,Women Top 652,Women,Top,H&M,Autumn,Green,XL,Women,23
653,Women Jeans 653,Women,Jeans,H&M,Summer,Blue,XS,Women,25
654,Men Shirt 654,Men,Shirt,H&M,Winter,Grey,S,Men,42
655,Men Jeans 655,Men,Jeans,H&M,Spring,Beige,L,Men,33
656,Men T-Shirt 656,Men,T-Shirt,H&M,Autumn,White,S,Men,39
657,Kids Kids Jeans 657,Kids,Kids Jeans,H&M,Spring,Green,M,Kids,46
658,Accessories Scarf 658,Accessories,Scarf,H&M,Autumn,Red,M,Unisex,30
659,Men Jacket 659,Men,Jacket,H&M,Spring,Beige,XL,Men,40
660,Women Dress 660,Women,Dress,H&M,Summer,Green,M,Women,36
661,Women Blazer 661,Women,Blazer,H&M,Spring,Blue,XS,Women,31
662,Men Hoodie 662,Men,Hoodie,H&M,Spring,Grey,M,Men,17
663,Women Jeans 663,Women,Jeans,H&M,Winter,White,XL,Women,49
664,Men T-Shirt 664,Men,T-Shirt,H&M,Autumn,Beige,M,Men,44
665,Men T-Shirt 665,Men,T-Shirt,H&M,Autumn,Blue,M,Men,27
666,Women Dress 666,Women,Dress,H&M,Winter,Blue,S,Women,44
667,Women Skirt 667,Women,Skirt,H&M,Spring,Green,M,Women,11
668,Kids Kids Jeans 668,Kids,Kids Jeans,H&M,Spring,Black,L,Kids,9
669,Kids Kids Jeans 669,Kids,Kids Jeans,H&M,Spring,Beige,XS,Kids,15
670,Women Jeans 670,Women,Jeans,H&M,Autumn,Grey,M,Women,24
671,Men Hoodie 671,Men,Hoodie,H&M,Autumn,Grey,XS,Men,31
672,Men Shirt 672,Men,Shirt,H&M,Summer,Red,S,Men,33
673,Men Jacket 673,Men,Jacket,H&M,Spring,Red,XS,Men,10
674,Men Jeans 674,Men,Jeans,H&M,Spring,Red,XL,Men,30
675,Men Jeans 675,Men,Jeans,H&M,Summer,Red,M,Men,41
676,Accessories Scarf 676,Accessories,Scarf,H&M,Summer,Black,L,Unisex,18
677,Men Jeans 677,Men,Jeans,H&M,Winter,Red,XS,Men,9
678,Women Skirt 678,Women,Skirt,H&M,Autumn,Red,L,Women,25
679,Men Shirt 679,Men,Shirt,H&M,Winter,Beige,M,Men,1
680,Kids Kids Jeans 680,Kids,Kids Jeans,H&M,Summer,Beige,XS,Kids,41
681,Kids Kids Jeans 681,Kids,Kids Jeans,H&M,Spring,Blue,S,Kids,7
682,Women Blazer 682,Women,Blazer,H&M,Spring,White,XS,Women,3
683,Men Hoodie 683,Men,Hoodie,H&M,Autumn,Beige,XL,Men,39
684,Women Skirt 684,Women,Skirt,H&M,Winter,Blue,L,Women,23
685,Kids Kids Jeans 685,Kids,Kids Jeans,H&M,Autumn,Black,S,Kids,15
686,Kids Kids Jeans 686,Kids,Kids Jeans,H&M,Winter,Beige,XS,Kids,38
687,Women Dress 687,Women,Dress,H&M,Spring,Beige,XS,Women,25
688,Kids Kids Hoodie 688,Kids,Kids Hoodie,H&M,Summer,Green,XS,Kids,43
689,Men T-Shirt 689,Men,T-Shirt,H&M,Summer,Beige,XS,Men,27
690,Women Dress 690,Women,Dress,H&M,Spring,Red,S,Women,14
691,Women Dress 691,Women,Dress,H&M,Spring,Red,XS,Women,43
692,Women Blazer 692,Women,Blazer,H&M,Winter,Red,XS,Women,33
693,Kids Kids Tee 693,Kids,Kids Tee,H&M,Spring,Black,XS,Kids,32
694,Men Jeans 694,Men,Jeans,H&M,Spring,Grey,XL,Men,13
695,Women Skirt 695,Women,Skirt,H&M,Spring,White,XS,Women,36
696,Women Top 696,Women,Top,H&M,Autumn,Blue,S,Women,1
697,Men T-Shirt 697,Men,T-Shirt,H&M,Summer,Grey,XL,Men,43
698,Women Dress 698,Women,Dress,H&M,Summer,Beige,XS,Women,17
699,Women Skirt 699,Women,Skirt,H&M,Spring,Blue,L,Women,4
700,Men Jeans 700,Men,Jeans,H&M,Summer,Grey,M,Men,24
701,Kids Kids Hoodie 701,Kids,Kids Hoodie,H&M,Autumn,Beige,XS,Kids,7
702,Kids Kids Tee 702,Kids,Kids Tee,H&M,Summer,Grey,S,Kids,43
703,Women Jeans 703,Women,Jeans,H&M,Spring,Red,XL,Women,18
704,Kids Kids Tee 704,Kids,Kids Tee,H&M,Spring,Grey,M,Kids,12
705,Men Jacket 705,Men,Jacket,H&M,Autumn,Blue,L,Men,45
706,Kids Kids Jacket 706,Kids,Kids Jacket,H&M,Winter,Black,S,Kids,45
707,Kids Kids Jeans 707,Kids,Kids Jeans,H&M,Summer,Red,XL,Kids,31
708,Kids Kids Jacket 708,Kids,Kids Jacket,H&M,Winter,Green,L,Kids,50
709,Women Dress 709,Women,Dress,H&M,Winter,Red,L,Women,8
710,Kids Kids Jacket 710,Kids,Kids Jacket,H&M,Summer,Black,M,Kids,42
711,Women Blazer 711,Women,Blazer,H&M,Winter,Beige,M,Women,34
712,Women Blazer 712,Women,Blazer,H&M,Summer,Red,S,Women,31
713,Women Skirt 713,Women,Skirt,H&M,Winter,Grey,XL,Women,40
714,Men Jeans 714,Men,Jeans,H&M,Autumn,Grey,L,Men,11
715,Men Jacket 715,Men,Jacket,H&M,Spring,White,M,Men,18
716,Men Jeans 716,Men,Jeans,H&M,Autumn,Red,S,Men,6
717,Women Blazer 717,Women,Blazer,H&M,Autumn,Black,L,Women,29
718,Women Skirt 718,Women,Skirt,H&M,Summer,Black,L,Women,27
719,Men Shirt 719,Men,Shirt,H&M,Summer,Grey,XS,Men,39
720,Accessories Scarf 720,Accessories,Scarf,H&M,Winter,Beige,L,Unisex,22
721,Women Dress 721,Women,Dress,H&M,Winter,Grey,L,Women,22
722,Women Blazer 722,Women,Blazer,H&M,Autumn,Beige,M,Women,46
723,Women Dress 723,Women,Dress,H&M,Winter,Black,M,Women,23
724,Kids Kids Hoodie 724,Kids,Kids Hoodie,H&M,Spring,Beige,XS,Kids,3
725,Kids Kids Jacket 725,Kids,Kids Jacket,H&M,Winter,Grey,L,Kids,7
726,Men Jeans 726,Men,Jeans,H&M,Winter,Black,L,Men,14
727,Women Top 727,Women,Top,H&M,Spring,Black,L,Women,3
728,Accessories Cap 728,Accessories,Cap,H&M,Autumn,Red,XL,Unisex,33
729,Men Jacket 729,Men,Jacket,H&M,Summer,Green,XS,Men,36
730,Accessories Belt 730,Accessories,Belt,H&M,Winter,Beige,XL,Unisex,12
731,Kids Kids Jeans 731,Kids,Kids Jeans,H&M,Summer,Red,XL,Kids,39
732,Kids Kids Jacket 732,Kids,Kids Jacket,H&M,Autumn,Green,S,Kids,18
733,Women Jeans 733,Women,Jeans,H&M,Spring,Red,S,Women,9
734,Women Blazer 734,Women,Blazer,H&M,Spring,Grey,XL,Women,21
735,Kids Kids Jeans 735,Kids,Kids Jeans,H&M,Winter,White,XL,Kids,46
736,Men Hoodie 736,Men,Hoodie,H&M,Winter,Beige,S,Men,33
737,Women Jeans 737,Women,Jeans,H&M,Summer,Grey,M,Women,36
738,Women Blazer 738,Women,Blazer,H&M,Autumn,Beige,XL,Women,19
739,Kids Kids Jacket 739,Kids,Kids Jacket,H&M,Summer,Green,XS,Kids,2
740,Women Dress 740,Women,Dress,H&M,Summer,White,M,Women,49
741,Kids Kids Hoodie 741,Kids,Kids Hoodie,H&M,Spring,White,XS,Kids,45
742,Kids Kids Jeans 742,Kids,Kids Jeans,H&M,Summer,Blue,L,Kids,7
743,Women Blazer 743,Women,Blazer,H&M,Winter,Beige,XL,Women,25
744,Men Hoodie 744,Men,Hoodie,H&M,Summer,Red,L,Men,27
745,Accessories Scarf 745,Accessories,Scarf,H&M,Summer,Black,M,Unisex,13
746,Women Skirt 746,Women,Skirt,H&M,Winter,Beige,M,Women,49
747,Women Blazer 747,Women,Blazer,H&M,Winter,Grey,S,Women,19
748,Women Dress 748,Women,Dress,H&M,Winter,White,XL,Women,8
749,Women Skirt 749,Women,Skirt,H&M,Spring,Green,M,Women,9
750,Men Hoodie 750,Men,Hoodie,H&M,Summer,Blue,L,Men,46
751,Accessories Cap 751,Accessories,Cap,H&M,Winter,Blue,XL,Unisex,4
752,Kids Kids Hoodie 752,Kids,Kids Hoodie,H&M,Autumn,Grey,XL,Kids,36
753,Women Jeans 753,Women,Jeans,H&M,Winter,White,XL,Women,5
754,Kids Kids Jeans 754,Kids,Kids Jeans,H&M,Autumn,Green,XL,Kids,26
755,Men Jeans 755,Men,Jeans,H&M,Winter,Beige,M,Men,22
756,Women Top 756,Women,Top,H&M,Autumn,Green,XS,Women,8
757,Women Skirt 757,Women,Skirt,H&M,Winter,Beige,XL,Women,40
758,Men T-Shirt 758,Men,T-Shirt,H&M,Spring,Red,XS,Men,25
759,Men Hoodie 759,Men,Hoodie,H&M,Summer,Green,M,Men,33
760,Kids Kids Jacket 760,Kids,Kids Jacket,H&M,Autumn,Black,M,Kids,42
761,Men Shirt 761,Men,Shirt,H&M,Summer,Black,S,Men,50
762,Women Dress 762,Women,Dress,H&M,Summer,White,S,Women,44
763,Women Dress 763,Women,Dress,H&M,Winter,Green,L,Women,42
764,Kids Kids Tee 764,Kids,Kids Tee,H&M,Winter,Black,L,Kids,46
765,Women Dress 765,Women,Dress,H&M,Summer,Black,S,Women,17
766,Women Blazer 766,Women,Blazer,H&M,Winter,Blue,L,Women,25
767,Women Skirt 767,Women,Skirt,H&M,Autumn,Blue,XS,Women,25
768,Women Blazer 768,Women,Blazer,H&M,Summer,Beige,XL,Women,5
769,Kids Kids Tee 769,Kids,Kids Tee,H&M,Summer,Blue,XL,Kids,7
770,Men Hoodie 770,Men,Hoodie,H&M,Summer,Blue,L,Men,25
771,Women Dress 771,Women,Dress,H&M,Autumn,White,XL,Women,15
772,Men Jacket 772,Men,Jacket,H&M,Spring,Beige,S,Men,20
773,Women Jeans 773,Women,Jeans,H&M,Summer,Green,XL,Women,10
774,Men T-Shirt 774,Men,T-Shirt,H&M,Autumn,Green,XL,Men,6
775,Women Jeans 775,Women,Jeans,H&M,Winter,Red,XL,Women,10
776,Men Jeans 776,Men,Jeans,H&M,Spring,White,XS,Men,12
777,Women Blazer 777,Women,Blazer,H&M,Summer,Grey,XL,Women,30
778,Women Dress 778,Women,Dress,H&M,Spring,Beige,XS,Women,17
779,Men Shirt 779,Men,Shirt,H&M,Autumn,Blue,M,Men,9
780,Women Top 780,Women,Top,H&M,Summer,Blue,XL,Women,5
781,Accessories Scarf 781,Accessories,Scarf,H&M,Autumn,Red,M,Unisex,40
782,Women Blazer 782,Women,Blazer,H&M,Winter,Green,XL,Women,24
783,Kids Kids Jacket 783,Kids,Kids Jacket,H&M,Winter,Black,M,Kids,16
784,Kids Kids Jacket 784,Kids,Kids Jacket,H&M,Spring,Grey,M,Kids,9
785,Women Jeans 785,Women,Jeans,H&M,Autumn,Red,L,Women,23
786,Kids Kids Jacket 786,Kids,Kids Jacket,H&M,Summer,White,XL,Kids,6
787,Kids Kids Jeans 787,Kids,Kids Jeans,H&M,Winter,Blue,XS,Kids,47
788,Men T-Shirt 788,Men,T-Shirt,H&M,Summer,Grey,XL,Men,38
789,Women Blazer 789,Women,Blazer,H&M,Winter,Black,XL,Women,17
790,Women Blazer 790,Women,Blazer,H&M,Autumn,Beige,S,Women,24
791,Women Blazer 791,Women,Blazer,H&M,Spring,White,L,Women,33
792,Women Skirt 792,Women,Skirt,H&M,Spring,Green,XS,Women,43
793,Men Shirt 793,Men,Shirt,H&M,Winter,Grey,XL,Men,9
794,Women Top 794,Women,Top,H&M,Winter,Beige,L,Women,23
795,Men Jacket 795,Men,Jacket,H&M,Winter,Black,M,Men,24
796,Men Jeans 796,Men,Jeans,H&M,Spring,Red,L,Men,30
797,Kids Kids Tee 797,Kids,Kids Tee,H&M,Spring,Black,XL,Kids,41
798,Kids Kids Hoodie 798,Kids,Kids Hoodie,H&M,Winter,Red,L,Kids,24
799,Women Dress 799,Women,Dress,H&M,Spring,Red,S,Women,34
800,Women Jeans 800,Women,Jeans,H&M,Autumn,Grey,L,Women,39
801,Men Jeans 801,Men,Jeans,H&M,Autumn,White,S,Men,5
802,Women Jeans 802,Women,Jeans,H&M,Winter,White,S,Women,11
803,Women Dress 803,Women,Dress,H&M,Winter,Red,M,Women,47
804,Men Jacket 804,Men,Jacket,H&M,Autumn,White,XL,Men,11
805,Women Skirt 805,Women,Skirt,H&M,Summer,White,XS,Women,9
806,Women Top 806,Women,Top,H&M,Winter,Beige,XL,Women,3
807,Kids Kids Jeans 807,Kids,Kids Jeans,H&M,Summer,White,M,Kids,12
808,Women Skirt 808,Women,Skirt,H&M,Summer,Beige,M,Women,6
809,Men Shirt 809,Men,Shirt,H&M,Autumn,Grey,L,Men,11
810,Men Jacket 810,Men,Jacket,H&M,Winter,Grey,XL,Men,50
811,Men Shirt 811,Men,Shirt,H&M,Spring,White,M,Men,30
812,Women Dress 812,Women,Dress,H&M,Winter,Red,L,Women,9
813,Men Jeans 813,Men,Jeans,H&M,Autumn,Grey,S,Men,39
814,Men Jacket 814,Men,Jacket,H&M,Summer,Grey,XL,Men,33
815,Kids Kids Tee 815,Kids,Kids Tee,H&M,Autumn,Beige,S,Kids,39
816,Women Dress 816,Women,Dress,H&M,Autumn,Green,L,Women,24
817,Kids Kids Jacket 817,Kids,Kids Jacket,H&M,Winter,Grey,L,Kids,50
818,Women Blazer 818,Women,Blazer,H&M,Summer,Red,S,Women,17
819,Women Top 819,Women,Top,H&M,Summer,Blue,XL,Women,35
820,Women Top 820,Women,Top,H&M,Summer,Beige,XS,Women,37
821,Women Blazer 821,Women,Blazer,H&M,Summer,Red,S,Women,45
822,Kids Kids Jacket 822,Kids,Kids Jacket,H&M,Spring,Black,S,Kids,28
823,Women Jeans 823,Women,Jeans,H&M,Spring,Grey,XL,Women,28
824,Women Blazer 824,Women,Blazer,H&M,Spring,Beige,L,Women,49
825,Men Shirt 825,Men,Shirt,H&M,Autumn,White,M,Men,36
826,Women Jeans 826,Women,Jeans,H&M,Spring,Green,M,Women,50
827,Kids Kids Jeans 827,Kids,Kids Jeans,H&M,Summer,Beige,S,Kids,29
828,Kids Kids Jeans 828,Kids,Kids Jeans,H&M,Summer,White,XL,Kids,26
829,Kids Kids Tee 829,Kids,Kids Tee,H&M,Winter,Red,XS,Kids,6
830,Kids Kids Jacket 830,Kids,Kids Jacket,H&M,Autumn,Black,XS,Kids,17
831,Men T-Shirt 831,Men,T-Shirt,H&M,Summer,Beige,L,Men,26
832,Women Blazer 832,Women,Blazer,H&M,Spring,Beige,XL,Women,4
833,Accessories Bag 833,Accessories,Bag,H&M,Autumn,Red,XS,Unisex,13
834,Kids Kids Hoodie 834,Kids,Kids Hoodie,H&M,Winter,Black,XL,Kids,33
835,Women Top 835,Women,Top,H&M,Winter,Beige,XS,Women,24
836,Men T-Shirt 836,Men,T-Shirt,H&M,Winter,Black,M,Men,50
837,Women Skirt 837,Women,Skirt,H&M,Autumn,Green,S,Women,34
838,Men T-Shirt 838,Men,T-Shirt,H&M,Summer,Green,M,Men,47
839,Kids Kids Hoodie 839,Kids,Kids Hoodie,H&M,Spring,Grey,M,Kids,15
840,Women Top 840,Women,Top,H&M,Autumn,Red,XL,Women,1
841,Men Jacket 841,Men,Jacket,H&M,Summer,Green,XS,Men,33
842,Men T-Shirt 842,Men,T-Shirt,H&M,Spring,Green,XL,Men,17
843,Women Skirt 843,Women,Skirt,H&M,Autumn,Grey,S,Women,49
844,Women Skirt 844,Women,Skirt,H&M,Autumn,Green,XS,Women,31
845,Men T-Shirt 845,Men,T-Shirt,H&M,Autumn,Beige,S,Men,44
846,Kids Kids Hoodie 846,Kids,Kids Hoodie,H&M,Autumn,Blue,XL,Kids,35
847,Men Hoodie 847,Men,Hoodie,H&M,Winter,Blue,XS,Men,26
848,Women Jeans 848,Women,Jeans,H&M,Summer,Green,S,Women,31
849,Women Top 849,Women,Top,H&M,Spring,White,S,Women,32
850,Kids Kids Jeans 850,Kids,Kids Jeans,H&M,Winter,Grey,M,Kids,14
851,Men Jeans 851,Men,Jeans,H&M,Spring,White,XS,Men,8
852,Accessories Belt 852,Accessories,Belt,H&M,Summer,Grey,XL,Unisex,3
853,Kids Kids Hoodie 853,Kids,Kids Hoodie,H&M,Spring,Red,XL,Kids,18
854,Women Blazer 854,Women,Blazer,H&M,Spring,Red,S,Women,49
855,Women Dress 855,Women,Dress,H&M,Autumn,Red,XL,Women,3
856,Women Skirt 856,Women,Skirt,H&M,Winter,Red,XS,Women,45
857,Women Jeans 857,Women,Jeans,H&M,Summer,Black,S,Women,25
858,Women Jeans 858,Women,Jeans,H&M,Spring,Green,M,Women,12
859,Women Top 859,Women,Top,H&M,Spring,Red,XL,Women,22
860,Women Skirt 860,Women,Skirt,H&M,Autumn,White,L,Women,45
861,Kids Kids Hoodie 861,Kids,Kids Hoodie,H&M,Autumn,Blue,L,Kids,12
862,Women Blazer 862,Women,Blazer,H&M,Winter,Grey,XS,Women,47
863,Men Jeans 863,Men,Jeans,H&M,Autumn,Grey,L,Men,13
864,Men Jeans 864,Men,Jeans,H&M,Autumn,Grey,XS,Men,12
865,Women Top 865,Women,Top,H&M,Spring,Grey,L,Women,20
866,Men Shirt 866,Men,Shirt,H&M,Summer,Red,XS,Men,45
867,Men Jeans 867,Men,Jeans,H&M,Spring,Red,XS,Men,29
868,Kids Kids Hoodie 868,Kids,Kids Hoodie,H&M,Spring,Blue,XL,Kids,36
869,Accessories Scarf 869,Accessories,Scarf,H&M,Spring,Black,L,Unisex,8
870,Women Blazer 870,Women,Blazer,H&M,Winter,Green,XL,Women,42
871,Women Top 871,Women,Top,H&M,Spring,Blue,M,Women,44
872,Women Skirt 872,Women,Skirt,H&M,Summer,Red,XL,Women,19
873,Women Top 873,Women,Top,H&M,Winter,Beige,M,Women,27
874,Women Blazer 874,Women,Blazer,H&M,Autumn,Grey,XS,Women,6
875,Men Jeans 875,Men,Jeans,H&M,Spring,Blue,M,Men,46
876,Men Jacket 876,Men,Jacket,H&M,Spring,Red,M,Men,48
877,Women Skirt 877,Women,Skirt,H&M,Autumn,White,S,Women,2
878,Men Jeans 878,Men,Jeans,H&M,Spring,Beige,XS,Men,14
879,Men T-Shirt 879,Men,T-Shirt,H&M,Summer,Black,L,Men,36
880,Men Jacket 880,Men,Jacket,H&M,Summer,Black,M,Men,40
881,Men Jacket 881,Men,Jacket,H&M,Spring,White,S,Men,48
882,Men Jeans 882,Men,Jeans,H&M,Winter,Green,S,Men,2
883,Men Hoodie 883,Men,Hoodie,H&M,Spring,Grey,L,Men,30
884,Accessories Scarf 884,Accessories,Scarf,H&M,Autumn,White,XL,Unisex,12
885,Women Skirt 885,Women,Skirt,H&M,Autumn,Green,XL,Women,20
886,Accessories Belt 886,Accessories,Belt,H&M,Winter,Grey,XS,Unisex,29
887,Women Skirt 887,Women,Skirt,H&M,Spring,White,M,Women,1
888,Men Jeans 888,Men,Jeans,H&M,Spring,Blue,L,Men,35
889,Men Jacket 889,Men,Jacket,H&M,Autumn,Blue,XS,Men,50
890,Women Jeans 890,Women,Jeans,H&M,Winter,Grey,XS,Women,36
891,Women Skirt 891,Women,Skirt,H&M,Autumn,Red,S,Women,11
892,Kids Kids Jacket 892,Kids,Kids Jacket,H&M,Autumn,White,M,Kids,6
893,Women Top 893,Women,Top,H&M,Spring,Blue,XL,Women,18
894,Women Dress 894,Women,Dress,H&M,Winter,White,M,Women,8
895,Women Blazer 895,Women,Blazer,H&M,Autumn,Blue,XL,Women,32
896,Men T-Shirt 896,Men,T-Shirt,H&M,Winter,Black,XL,Men,2
897,Men T-Shirt 897,Men,T-Shirt,H&M,Spring,Blue,S,Men,46
898,Women Dress 898,Women,Dress,H&M,Winter,Black,S,Women,1
899,Women Jeans 899,Women,Jeans,H&M,Autumn,Blue,L,Women,24
900,Women Dress 900,Women,Dress,H&M,Spring,Black,S,Women,4
901,Men Jacket 901,Men,Jacket,H&M,Summer,Green,L,Men,12
902,Men Hoodie 902,Men,Hoodie,H&M,Autumn,Grey,XS,Men,8
903,Accessories Bag 903,Accessories,Bag,H&M,Autumn,Grey,L,Unisex,16
904,Kids Kids Tee 904,Kids,Kids Tee,H&M,Winter,Red,XS,Kids,34
905,Women Top 905,Women,Top,H&M,Autumn,Red,M,Women,21
906,Men T-Shirt 906,Men,T-Shirt,H&M,Summer,Blue,L,Men,41
907,Men Hoodie 907,Men,Hoodie,H&M,Summer,Grey,S,Men,8
908,Men Jacket 908,Men,Jacket,H&M,Spring,Black,S,Men,18
909,Women Skirt 909,Women,Skirt,H&M,Winter,Black,XS,Women,38
910,Kids Kids Jacket 910,Kids,Kids Jacket,H&M,Winter,Blue,XS,Kids,16
911,Men T-Shirt 911,Men,T-Shirt,H&M,Spring,Grey,XS,Men,4
912,Women Top 912,Women,Top,H&M,Summer,White,L,Women,15
913,Women Blazer 913,Women,Blazer,H&M,Spring,Grey,L,Women,47
914,Men Jacket 914,Men,Jacket,H&M,Spring,Beige,S,Men,17
915,Kids Kids Jacket 915,Kids,Kids Jacket,H&M,Autumn,Green,M,Kids,35
916,Women Top 916,Women,Top,H&M,Winter,Green,M,Women,21
917,Kids Kids Hoodie 917,Kids,Kids Hoodie,H&M,Winter,Black,XL,Kids,10
918,Women Jeans 918,Women,Jeans,H&M,Spring,Red,XS,Women,50
919,Women Skirt 919,Women,Skirt,H&M,Winter,Black,XL,Women,24
920,Kids Kids Jeans 920,Kids,Kids Jeans,H&M,Spring,Beige,XS,Kids,43
921,Accessories Belt 921,Accessories,Belt,H&M,Winter,Green,L,Unisex,50
922,Women Blazer 922,Women,Blazer,H&M,Spring,Blue,L,Women,42
923,Women Dress 923,Women,Dress,H&M,Summer,Black,S,Women,12
924,Kids Kids Jeans 924,Kids,Kids Jeans,H&M,Summer,Red,S,Kids,7
925,Men Jacket 925,Men,Jacket,H&M,Autumn,Green,XL,Men,45
926,Women Dress 926,Women,Dress,H&M,Spring,White,XL,Women,46
927,Men Jeans 927,Men,Jeans,H&M,Autumn,Grey,XS,Men,30
928,Kids Kids Tee 928,Kids,Kids Tee,H&M,Spring,Green,L,Kids,24
929,Kids Kids Tee 929,Kids,Kids Tee,H&M,Spring,Green,XS,Kids,47
930,Men Hoodie 930,Men,Hoodie,H&M,Summer,White,XL,Men,7
931,Men Jeans 931,Men,Jeans,H&M,Autumn,White,S,Men,34
932,Women Blazer 932,Women,Blazer,H&M,Winter,Green,XL,Women,27
933,Kids Kids Hoodie 933,Kids,Kids Hoodie,H&M,Autumn,Beige,L,Kids,7
934,Men Jeans 934,Men,Jeans,H&M,Autumn,Green,M,Men,43
935,Men Shirt 935,Men,Shirt,H&M,Autumn,Blue,M,Men,36
936,Accessories Scarf 936,Accessories,Scarf,H&M,Spring,Red,L,Unisex,47
937,Women Top 937,Women,Top,H&M,Winter,Red,XL,Women,48
938,Men Jacket 938,Men,Jacket,H&M,Autumn,Red,XS,Men,47
939,Men Hoodie 939,Men,Hoodie,H&M,Summer,Green,S,Men,20
940,Men Jeans 940,Men,Jeans,H&M,Winter,Grey,M,Men,2
941,Kids Kids Hoodie 941,Kids,Kids Hoodie,H&M,Winter,Black,XS,Kids,30
942,Women Top 942,Women,Top,H&M,Spring,Blue,XL,Women,16
943,Men Hoodie 943,Men,Hoodie,H&M,Summer,Green,L,Men,37
944,Accessories Cap 944,Accessories,Cap,H&M,Spring,Grey,L,Unisex,12
945,Women Blazer 945,Women,Blazer,H&M,Summer,Green,M,Women,3
946,Kids Kids Jacket 946,Kids,Kids Jacket,H&M,Summer,Grey,XS,Kids,50
947,Women Skirt 947,Women,Skirt,H&M,Autumn,Grey,XS,Women,50
948,Men Shirt 948,Men,Shirt,H&M,Summer,Beige,L,Men,4
949,Women Dress 949,Women,Dress,H&M,Spring,Green,XL,Women,10
950,Women Top 950,Women,Top,H&M,Winter,Black,L,Women,29
951,Kids Kids Tee 951,Kids,Kids Tee,H&M,Winter,Red,M,Kids,26
952,Men Hoodie 952,Men,Hoodie,H&M,Summer,Red,XL,Men,48
953,Men Jacket 953,Men,Jacket,H&M,Spring,Black,L,Men,33
954,Women Top 954,Women,Top,H&M,Winter,Red,XL,Women,13
955,Women Blazer 955,Women,Blazer,H&M,Winter,Green,XL,Women,48
956,Women Top 956,Women,Top,H&M,Summer,Blue,L,Women,21
957,Women Blazer 957,Women,Blazer,H&M,Summer,Black,L,Women,28
958,Women Top 958,Women,Top,H&M,Spring,Blue,XL,Women,42
959,Men Hoodie 959,Men,Hoodie,H&M,Winter,Blue,XL,Men,29
960,Women Skirt 960,Women,Skirt,H&M,Summer,Grey,S,Women,13
961,Women Top 961,Women,Top,H&M,Summer,Black,XS,Women,16
962,Accessories Bag 962,Accessories,Bag,H&M,Spring,Black,M,Unisex,45
963,Kids Kids Hoodie 963,Kids,Kids Hoodie,H&M,Autumn,Red,XS,Kids,22
964,Men Shirt 964,Men,Shirt,H&M,Winter,White,XL,Men,34
965,Kids Kids Jacket 965,Kids,Kids Jacket,H&M,Winter,Beige,XS,Kids,25
966,Women Blazer 966,Women,Blazer,H&M,Summer,Blue,S,Women,4
967,Men Shirt 967,Men,Shirt,H&M,Spring,Black,L,Men,42
968,Accessories Cap 968,Accessories,Cap,H&M,Autumn,Beige,M,Unisex,43
969,Kids Kids Hoodie 969,Kids,Kids Hoodie,H&M,Summer,Black,M,Kids,42
970,Women Skirt 970,Women,Skirt,H&M,Summer,Blue,L,Women,39
971,Women Top 971,Women,Top,H&M,Winter,Green,L,Women,36
972,Accessories Cap 972,Accessories,Cap,H&M,Summer,White,XL,Unisex,20
973,Women Skirt 973,Women,Skirt,H&M,Winter,Black,M,Women,44
974,Women Jeans 974,Women,Jeans,H&M,Winter,Green,M,Women,4
975,Women Skirt 975,Women,Skirt,H&M,Summer,Green,M,Women,15
976,Men Jacket 976,Men,Jacket,H&M,Winter,Black,L,Men,34
977,Accessories Bag 977,Accessories,Bag,H&M,Autumn,White,XL,Unisex,10
978,Women Jeans 978,Women,Jeans,H&M,Spring,Red,XL,Women,9
979,Men Jeans 979,Men,Jeans,H&M,Winter,Grey,S,Men,20
980,Women Blazer 980,Women,Blazer,H&M,Winter,Red,S,Women,42
981,Accessories Bag 981,Accessories,Bag,H&M,Spring,Black,XL,Unisex,35
982,Accessories Cap 982,Accessories,Cap,H&M,Winter,Blue,S,Unisex,47
983,Men Hoodie 983,Men,Hoodie,H&M,Autumn,Red,M,Men,29
984,Kids Kids Hoodie 984,Kids,Kids Hoodie,H&M,Winter,Grey,S,Kids,7
985,Men T-Shirt 985,Men,T-Shirt,H&M,Spring,Green,XL,Men,40
986,Men Jeans 986,Men,Jeans,H&M,Winter,Beige,XS,Men,23
987,Men Jacket 987,Men,Jacket,H&M,Winter,Green,XL,Men,31
988,Kids Kids Hoodie 988,Kids,Kids Hoodie,H&M,Winter,Grey,L,Kids,32
989,Women Top 989,Women,Top,H&M,Winter,White,XS,Women,27
990,Kids Kids Tee 990,Kids,Kids Tee,H&M,Spring,Red,S,Kids,48
991,Women Top 991,Women,Top,H&M,Winter,Black,S,Women,29
992,Kids Kids Jacket 992,Kids,Kids Jacket,H&M,Spring,Grey,L,Kids,16
993,Women Dress 993,Women,Dress,H&M,Autumn,Beige,M,Women,26
994,Women Blazer 994,Women,Blazer,H&M,Summer,Green,XS,Women,29
995,Women Dress 995,Women,Dress,H&M,Winter,Green,XL,Women,26
996,Accessories Cap 996,Accessories,Cap,H&M,Autumn,Green,XS,Unisex,13
997,Men Jacket 997,Men,Jacket,H&M,Spring,Grey,M,Men,30
998,Men Hoodie 998,Men,Hoodie,H&M,Summer,Beige,XL,Men,10
999,Women Skirt 999,Women,Skirt,H&M,Summer,Beige,XL,Women,8
1000,Men Shirt 1000,Men,Shirt,H&M,Winter,Red,L,Men,21
